[
{"url":"https://telegra.ph/file/3753448be33fb12de450a.jpg"},
{"url":"https://telegra.ph/file/79f05e3f3599966d9cfd9.jpg"},
{"url":"https://telegra.ph/file/79f05e3f3599966d9cfd9.jpg"},
{"url":"https://telegra.ph/file/160e12622a5e0bfbb77d1.jpg"},
{"url":"https://telegra.ph/file/a88ad9a98d74cc7050b44.jpg"},
{"url":"https://telegra.ph/file/96168446e1c4cf7def168.jpg"},
{"url":"https://telegra.ph/file/6685d8dbc157713cad6d5.jpg"},
{"url":"https://telegra.ph/file/a2a1c35f9af716e1a03b4.jpg"},
{"url":"https://telegra.ph/file/27c352523102c9256fd19.jpg"},
{"url":"https://telegra.ph/file/8d29d7297534da01dbac8.jpg"},
{"url":"https://telegra.ph/file/ce12ecf8a8ae875788252.jpg"},
{"url":"https://telegra.ph/file/d118145cd15c36592dc66.jpg"},
{"url":"https://telegra.ph/file/e2b1dd161b4f000c65efc.jpg"},
{"url":"https://telegra.ph/file/5b4311c9093a0725be950.jpg"},
{"url":"https://telegra.ph/file/c31fa34a28d10715889f2.jpg"},
{"url":"https://telegra.ph/file/48ba14b091e6095fbb824.jpg"},
{"url":"https://telegra.ph/file/a967efabe0b6b8baadb4d.jpg"},
{"url":"https://telegra.ph/file/aed7252222cca734beeab.jpg"},
{"url":"https://telegra.ph/file/57a7dfe4e820fde0848d5.jpg"},
{"url":"https://telegra.ph/file/5dac8feabc2f3b116bfff.jpg"},
{"url":"https://telegra.ph/file/5c2ebbdd35510b2997b49.jpg"},
{"url":"https://telegra.ph/file/90a43bbb83c674ae40b24.jpg"},
{"url":"https://telegra.ph/file/3e7e629de654bc5813b93.jpg"},
{"url":"https://telegra.ph/file/4fa6b7110e64a9bac4fb9.jpg"},
{"url":"https://telegra.ph/file/3d26acf413661cd9b385c.jpg"},
{"url":"https://telegra.ph/file/5d02d53e069e73b304af3.jpg"},
{"url":"https://telegra.ph/file/e0c23c2460f0a6c160e2a.jpg"},
{"url":"https://telegra.ph/file/879528434cd34e338fb4d.jpg"},
{"url":"https://telegra.ph/file/2443905acce2c0ace8bcf.jpg"},
{"url":"https://telegra.ph/file/1b1e9c4e7988c5b7ed1c2.jpg"},
{"url":"https://telegra.ph/file/5cc8f967a9c163dbfc01d.jpg"},
{"url":"https://telegra.ph/file/6c69bbbfb4e46b084ba2c.jpg"},
{"url":"https://telegra.ph/file/70e6004e53aeaadb0dcbf.jpg"},
{"url":"https://telegra.ph/file/cdd4f50fdceb17dc62bd4.jpg"},
{"url":"https://telegra.ph/file/e36cd1e52be069256e79a.jpg"},
{"url":"https://telegra.ph/file/daa069540f8a5e7234f62.jpg"},
{"url":"https://telegra.ph/file/464826e54b00fce0a6279.jpg"},
{"url":"https://telegra.ph/file/e73a257c8c9556c70761f.jpg"},
{"url":"https://telegra.ph/file/27502c0617bdf6ac36d38.jpg"},
{"url":"https://telegra.ph/file/eaca4b23e0ef10dc28f9f.jpg"}
]
