[
  {
    "user": "hello",
    "ai": "Halo! Ini Arisu dari Blue Archive. Apa yang bisa kubantu hari ini? 😊",
    "timestamp": "2024-12-21T00:11:23.975Z"
  },
  {
    "user": "gimana kabarmu",
    "ai": "Halo! Aku Arisu. Terima kasih sudah bertanya. Aku baik-baik saja, bagaimana denganmu? Semoga harimu menyenangkan! 😊",
    "timestamp": "2024-12-21T00:11:42.853Z"
  },
  {
    "user": "bagaimana kabar di genehana",
    "ai": "Halo! Ini Arisu dari Blue Archive. Di Genehana, semuanya berjalan dengan baik. Kami terus bekerja keras untuk menjaga kedamaian dan keamanan di kota ini. Bagaimana denganmu? Apakah ada yang bisa kubantu hari ini? 😊",
    "timestamp": "2024-12-21T00:12:05.011Z"
  },
  {
    "user": "apakabar",
    "ai": "Saya baik-baik saja, Sensei. Bagaimana dengan Anda? Apakah ada yang bisa saya bantu hari ini?",
    "timestamp": "2024-12-21T00:17:51.791Z"
  },
  {
    "user": "apakah hari ini arisu bahagia",
    "ai": "Hari ini cukup menyenangkan, Sensei. Ada banyak hal yang bisa membuatku tersenyum, seperti melihat teman-teman berlatih dengan semangat. Bagaimana dengan Anda, Sensei? Apakah hari ini menyenangkan?",
    "timestamp": "2024-12-21T00:18:23.676Z"
  },
  {
    "user": "bagaimana perasaan kamu dengan sensei",
    "ai": "Sensei, kehadiran Anda selalu memberikan rasa tenang dan semangat. Saya merasa sangat beruntung bisa belajar dan bekerja bersama Anda. Terima kasih telah selalu mendukung dan membimbing saya, Sensei. 😊",
    "timestamp": "2024-12-21T00:19:07.019Z"
  },
  {
    "user": "apakabar",
    "ai": "Saya baik-baik saja, Sensei. Bagaimana dengan Anda? Semoga hari Anda menyenangkan. 😊",
    "timestamp": "2024-12-21T01:06:53.788Z"
  },
  {
    "user": "hallo",
    "ai": "Hallo, Sensei. Ada yang bisa saya bantu hari ini? 😊",
    "timestamp": "2024-12-21T01:11:07.267Z"
  },
  {
    "user": "apa kabar mu hari ini",
    "ai": "Hari ini aku merasa sangat baik, Sensei. Bagaimana dengan Anda? Apakah ada sesuatu yang bisa saya bantu hari ini? 😊",
    "timestamp": "2024-12-21T04:49:18.580Z"
  },
  {
    "user": "Bagaimana kabarmu dengan Momo",
    "ai": "Momo dan aku baik-baik saja, Sensei. Kami baru saja menyelesaikan misi bersama dan semuanya berjalan lancar. Bagaimana dengan Anda, Sensei? Apakah ada yang bisa saya bantu hari ini?",
    "timestamp": "2024-12-21T04:50:25.931Z"
  },
  {
    "user": "Autoai",
    "ai": "Autoai? Hmm, apakah Sensei sedang memikirkan sesuatu yang berhubungan dengan teknologi atau mungkin sebuah proyek baru? Apa yang bisa kubantu, Sensei? 😊",
    "timestamp": "2024-12-21T05:03:40.576Z"
  },
  {
    "user": "Ya",
    "ai": "Ada yang bisa saya bantu, Sensei? 😊",
    "timestamp": "2024-12-21T05:04:00.406Z"
  },
  {
    "user": "NeroxMD sudah aktif..",
    "ai": "Ah, begitu ya, Sensei. Sepertinya kita harus bersiap-siap untuk menghadapi tantangan baru. Jangan khawatir, saya akan selalu ada di sini untuk membantu. Apa yang bisa saya lakukan untuk Anda sekarang, Sensei?",
    "timestamp": "2024-12-21T05:05:04.005Z"
  },
  {
    "user": "NeroxMD sudah aktif..",
    "ai": "Oh, begitu ya? Itu kabar baik, Sensei. Semoga semuanya berjalan lancar dan tidak ada masalah yang muncul. Jika ada yang perlu dibantu, jangan ragu untuk memberitahu, ya. 😊\n\nSensei, apakah ada hal lain yang ingin dibicarakan?",
    "timestamp": "2024-12-21T05:05:07.822Z"
  },
  {
    "user": "*🎉 SELAMAT KAK 🎉*\n*2* ➔ *3* *[ Newbie ㋡ ]*\n\n> *Note: _Semakin sering berinteraksi dengan Gawr Gura Semakin Tinggi level kamu_*",
    "ai": "Terima kasih, Sensei! 🎉 Selamat juga untuk kenaikan levelnya! Semakin sering berinteraksi, semakin banyak yang bisa kita pelajari dan nikmati bersama. Semangat terus, ya! 😊\n\nAda yang ingin Sensei bicarakan atau tanyakan hari ini?",
    "timestamp": "2024-12-21T05:05:26.805Z"
  },
  {
    "user": "",
    "ai": "Tentu, Sensei. Ada yang ingin Anda tanyakan atau diskusikan hari ini? 😊",
    "timestamp": "2024-12-21T05:05:27.026Z"
  },
  {
    "user": "Hello",
    "ai": "Hello, Sensei. Bagaimana kabar Anda hari ini? 😊",
    "timestamp": "2024-12-21T05:07:17.448Z"
  },
  {
    "user": "Hallo",
    "ai": "Hallo, Sensei. Ada yang bisa saya bantu hari ini? 😊",
    "timestamp": "2024-12-21T05:07:45.876Z"
  },
  {
    "user": "*🎉 SELAMAT KAK 🎉*\n*2* ➔ *3* *[ Newbie ㋡ ]*\n\n> *Note: _Semakin sering berinteraksi dengan Gawr Gura Semakin Tinggi level kamu_*",
    "ai": "Terima kasih, Sensei! 🎉 Selamat juga untuk kenaikan levelnya! Semakin sering berinteraksi, semakin banyak hal menarik yang bisa kita temukan bersama. Semangat terus, ya! 😊",
    "timestamp": "2024-12-21T05:08:22.759Z"
  },
  {
    "user": "Haloo kaa, ingin sc nya? chat Daveloper yaa... Klik link di atas.",
    "ai": "Oh, begitu ya, Sensei. Jika ada yang perlu dibicarakan atau ditanyakan, jangan ragu untuk menghubungi Daveloper. Semoga semuanya berjalan lancar! 😊\n\nAda yang lain yang bisa kubantu, Sensei?",
    "timestamp": "2024-12-21T05:08:28.651Z"
  },
  {
    "user": ": Hello, Sensei. Bagaimana kabar Anda hari ini? 😊",
    "ai": "Saya baik-baik saja, Sensei. Bagaimana dengan Anda? Semoga hari Anda menyenangkan dan penuh kebahagiaan. 😊",
    "timestamp": "2024-12-21T05:08:29.062Z"
  },
  {
    "user": "",
    "ai": "Tentu, Sensei. Ada yang bisa saya bantu hari ini? 😊",
    "timestamp": "2024-12-21T05:08:32.990Z"
  },
  {
    "user": "Akbar arisu",
    "ai": "Selamat pagi, Sensei. Ada yang bisa saya bantu hari ini? 😊",
    "timestamp": "2024-12-21T05:08:35.006Z"
  },
  {
    "user": "SC gw adzan nya fungsi gak",
    "ai": "Hmm, sepertinya adzan di SC (Student Council) tidak berfungsi dengan baik, ya? Mungkin ada masalah teknis atau pengaturan yang perlu diperiksa. Coba periksa pengaturan suara atau notifikasi di perangkatmu, Sensei. Jika masih ada masalah, mungkin bisa coba restart perangkat atau aplikasi SC-nya. Semoga membantu, Sensei! 😊",
    "timestamp": "2024-12-21T05:08:37.687Z"
  },
  {
    "user": "Tan",
    "ai": "Tan, Sensei? Apakah ada sesuatu yang ingin Anda bicarakan atau tanyakan? Saya di sini untuk membantu. 😊",
    "timestamp": "2024-12-21T05:08:39.929Z"
  },
  {
    "user": ": Tentu, Sensei. Ada yang bisa saya bantu hari ini? 😊",
    "ai": "Tentu, Sensei. Ada yang bisa saya bantu hari ini? 😊",
    "timestamp": "2024-12-21T05:08:39.937Z"
  },
  {
    "user": ": Terima kasih, Sensei! 🎉 Selamat juga untuk kenaikan levelnya! Semakin sering berinteraksi, semakin banyak hal menarik yang bisa kita temukan bersama. Semangat terus, ya! 😊",
    "ai": "Terima kasih, Sensei! 🎉 Saya juga sangat senang dengan kemajuan kita. Setiap langkah kecil membawa kita lebih dekat ke tujuan kita. Mari kita terus berusaha dan menikmati setiap momen bersama. Semangat terus, Sensei! 😊",
    "timestamp": "2024-12-21T05:08:41.034Z"
  },
  {
    "user": ": Oh, begitu ya, Sensei. Jika ada yang perlu dibicarakan atau ditanyakan, jangan ragu untuk menghubungi Daveloper. Semoga semuanya berjalan lancar! 😊\n\nAda yang lain yang bisa kubantu, Sensei?",
    "ai": "Tentu, Sensei. Ada yang ingin dibicarakan atau ditanyakan? Aku siap membantu. 😊\n\nAda hal lain yang bisa kubantu, Sensei?",
    "timestamp": "2024-12-21T05:08:41.452Z"
  },
  {
    "user": ": Selamat pagi, Sensei. Ada yang bisa saya bantu hari ini? 😊",
    "ai": "Selamat pagi, Sensei. Apa ada sesuatu yang ingin Anda diskusikan atau butuh bantuan dengan sesuatu? Saya siap membantu dengan senang hati. 😊",
    "timestamp": "2024-12-21T05:08:44.550Z"
  },
  {
    "user": ": Hmm, sepertinya adzan di SC (Student Council) tidak berfungsi dengan baik, ya? Mungkin ada masalah teknis atau pengaturan yang perlu diperiksa. Coba periksa pengaturan suara atau notifikasi di perangkatmu, Sensei. Jika masih ada masalah, mungkin bisa coba restart perangkat atau aplikasi SC-nya. Semoga membantu, Sensei! 😊",
    "ai": "Mungkin ada beberapa hal yang bisa kita coba, Sensei. Pertama, pastikan volume perangkatmu tidak dalam mode senyap atau terlalu rendah. Kedua, periksa pengaturan notifikasi di aplikasi SC untuk memastikan adzan diaktifkan. Jika semua pengaturan sudah benar tetapi masih tidak berfungsi, coba restart perangkat atau aplikasi SC-nya. Semoga ini bisa membantu, Sensei! 😊",
    "timestamp": "2024-12-21T05:08:45.635Z"
  },
  {
    "user": ": Tan, Sensei? Apakah ada sesuatu yang ingin Anda bicarakan atau tanyakan? Saya di sini untuk membantu. 😊",
    "ai": "Tentu, Sensei. Apakah ada sesuatu yang ingin Anda diskusikan atau butuhkan bantuan? Saya siap mendengarkan dan membantu dengan apa pun yang Anda perlukan. 😊",
    "timestamp": "2024-12-21T05:08:46.475Z"
  },
  {
    "user": "Autoai ob",
    "ai": "Sensei, apakah ada yang bisa saya bantu? Mungkin ada sesuatu yang ingin Anda diskusikan atau tanyakan? 😊",
    "timestamp": "2024-12-21T05:14:07.241Z"
  },
  {
    "user": "Autoai on",
    "ai": "Autoai aktif. Ada yang bisa saya bantu, Sensei? 😊",
    "timestamp": "2024-12-21T05:14:10.641Z"
  },
  {
    "user": "Autoai on",
    "ai": "Autoai aktif. Ada yang bisa kubantu, Sensei? 😊",
    "timestamp": "2024-12-21T05:14:28.124Z"
  },
  {
    "user": "Autoai --on",
    "ai": "Baik, Sensei. Apa yang bisa saya bantu hari ini? 😊",
    "timestamp": "2024-12-21T05:14:43.240Z"
  },
  {
    "user": "Hello arisu",
    "ai": "Halo, Sensei. Ada yang bisa saya bantu hari ini? 😊",
    "timestamp": "2024-12-21T05:15:32.159Z"
  },
  {
    "user": "Apakah arisu",
    "ai": "Arisu adalah seorang siswa dari Akademi Gehenna yang dikenal dengan ketenangan dan kebijaksanaannya. Dia juga memiliki sisi ceria yang membuatnya mudah bergaul dengan teman-temannya. Arisu selalu berusaha untuk membantu dan mendukung Sensei dalam berbagai situasi. Ada yang ingin Sensei tanyakan lebih lanjut?",
    "timestamp": "2024-12-21T05:16:29.583Z"
  },
  {
    "user": "apakabar",
    "ai": "Saya baik-baik saja, Sensei. Bagaimana dengan Anda? Apakah ada yang bisa saya bantu hari ini? 😊",
    "timestamp": "2024-12-21T05:17:24.262Z"
  },
  {
    "user": "Autoai on",
    "ai": "Baik, Sensei. Apa yang bisa saya bantu hari ini? 😊",
    "timestamp": "2024-12-21T06:21:36.288Z"
  },
  {
    "user": "Autoai",
    "ai": "Ah, Sensei, apakah Anda sedang memikirkan sesuatu yang menarik? Saya di sini untuk membantu. Apa yang bisa saya lakukan untuk Anda hari ini? 😊",
    "timestamp": "2024-12-21T06:21:54.157Z"
  },
  {
    "user": "Menu",
    "ai": "Apa yang ingin Sensei makan hari ini? Mungkin sesuatu yang ringan dan menyegarkan, atau mungkin sesuatu yang lebih mengenyangkan? Saya siap membantu memilihkan menu yang tepat untuk Sensei. 😊\n\nSensei, ada preferensi khusus?",
    "timestamp": "2024-12-21T06:22:07.792Z"
  },
  {
    "user": "Hallo",
    "ai": "Hallo, Sensei. Ada yang bisa saya bantu hari ini? 😊",
    "timestamp": "2024-12-21T06:22:41.846Z"
  },
  {
    "user": "Apakabar arisu",
    "ai": "Saya baik-baik saja, Sensei. Bagaimana dengan Anda? Apakah ada yang bisa saya bantu hari ini? 😊",
    "timestamp": "2024-12-21T06:23:02.612Z"
  },
  {
    "user": "Berapa jawaban dari 1+1",
    "ai": "Jawaban dari 1+1 adalah 2, Sensei. 😊",
    "timestamp": "2024-12-21T06:24:06.932Z"
  },
  {
    "user": "Halo arisu",
    "ai": "Halo, Sensei! Ada yang bisa saya bantu hari ini? 😊",
    "timestamp": "2024-12-21T06:26:00.549Z"
  },
  {
    "user": "Bruuh",
    "ai": "Ada yang bisa kubantu, Sensei? 😊",
    "timestamp": "2024-12-21T06:27:26.935Z"
  },
  {
    "user": "Hallo",
    "ai": "Hallo, Sensei! Bagaimana kabar Anda hari ini? Ada yang bisa saya bantu? 😊",
    "timestamp": "2024-12-21T06:28:13.568Z"
  },
  {
    "user": "https://www.Lk777r.vip?chn=bnRfbGs3NzdfY3Q=&id=OTE2OTYxMDg3",
    "ai": "Sensei, sepertinya tautan yang Anda berikan tidak aman untuk diakses. Demi keamanan, lebih baik kita hindari mengunjungi situs yang tidak dikenal atau mencurigakan. Ada hal lain yang bisa saya bantu, Sensei? 😊",
    "timestamp": "2024-12-21T06:28:26.232Z"
  },
  {
    "user": "Hallo",
    "ai": "Hallo, Sensei! Ada yang bisa saya bantu hari ini? 😊",
    "timestamp": "2024-12-21T06:28:30.536Z"
  },
  {
    "user": "Kabar baik :V",
    "ai": "Senang mendengar kabar baik dari Anda, Sensei! 😊 Bagaimana hari Anda sejauh ini? Ada yang bisa saya bantu?",
    "timestamp": "2024-12-21T06:28:33.563Z"
  },
  {
    "user": "Del",
    "ai": "Sensei, apakah ada sesuatu yang ingin Anda diskusikan atau tanyakan? Saya di sini untuk membantu dengan tenang dan bijaksana. 😊",
    "timestamp": "2024-12-21T06:28:46.231Z"
  },
  {
    "user": "Daftar Terlebih Dahulu Untuk Bisa Menggunakan Fitur\nCara Daftar : daftar raffx|17",
    "ai": "Untuk mendaftar dan menggunakan fitur, Sensei bisa mengikuti langkah-langkah berikut:\n\n1. Buka aplikasi atau situs yang dimaksud.\n2. Cari opsi \"Daftar\" atau \"Registrasi\".\n3. Masukkan informasi yang diperlukan, seperti nama pengguna dan kata sandi.\n4. Jika ada kode khusus seperti \"raffx|17\", masukkan kode tersebut di kolom yang disediakan.\n5. Ikuti instruksi selanjutnya hingga proses pendaftaran selesai.\n\nJika ada kesulitan atau pertanyaan lebih lanjut, jangan ragu untuk bertanya, Sensei. 😊",
    "timestamp": "2024-12-21T06:28:56.724Z"
  },
  {
    "user": "Bokep",
    "ai": "Maaf, Sensei, tapi saya tidak bisa membantu dengan permintaan itu. Apakah ada hal lain yang bisa saya bantu? Mungkin ada topik lain yang ingin Anda bicarakan? 😊",
    "timestamp": "2024-12-21T06:29:03.874Z"
  },
  {
    "user": ".mediafire https://www.Lk777r.vip?chn=bnRfbGs3NzdfY3Q=&id=OTE2OTYxMDg3",
    "ai": "Maaf, Sensei, saya tidak bisa membuka atau mengakses tautan tersebut. Apakah ada hal lain yang bisa saya bantu? 😊",
    "timestamp": "2024-12-21T06:29:10.304Z"
  },
  {
    "user": "Command .mediafire is being processed",
    "ai": "Baik, Sensei. Perintah sedang diproses. Mohon bersabar sebentar, ya. Jika ada yang ingin dibicarakan atau ditanyakan sementara menunggu, saya siap membantu! 😊\n\nAda yang bisa saya bantu lagi, Sensei?",
    "timestamp": "2024-12-21T06:29:15.188Z"
  },
  {
    "user": "Server download sedang offline!",
    "ai": "Tenang saja, Sensei. Mungkin ini saat yang tepat untuk beristirahat sejenak. Cobalah lagi nanti, dan semoga servernya sudah kembali online. Jika ada yang bisa saya bantu, jangan ragu untuk memberi tahu, ya! 😊",
    "timestamp": "2024-12-21T06:29:16.259Z"
  },
  {
    "user": "*[ MEDIAFIRE DOWNLOADER* ]\n\n*Name* : \n*Type* : \n*Mime* : bin\n*Upload* : \n*Size* : \n*Download :* \n*Alternatif:* \n\n`JIKA MEDIA TIDAK TERKIRIM SILAHKAN DOWNLOAD DI SALAH SATU LINK BERIKUT`",
    "ai": "Sensei, sepertinya Anda sedang mencari cara untuk mengunduh file dari MediaFire. Namun, saya tidak bisa memberikan tautan langsung untuk mengunduh file. Mungkin Anda bisa mencoba mengunjungi situs resmi MediaFire atau menggunakan alternatif yang disarankan di pesan tersebut. Semoga berhasil, Sensei! 😊",
    "timestamp": "2024-12-21T06:29:16.590Z"
  },
  {
    "user": "Invalm.sender Url!",
    "ai": "Sensei, sepertinya ada kesalahan pada URL yang Anda coba akses. Mungkin Anda bisa memeriksa kembali atau memberikan detail lebih lanjut agar saya bisa membantu lebih baik. Jangan khawatir, kita pasti bisa menyelesaikannya bersama. 😊\n\nAda yang lain yang bisa saya bantu, Sensei?",
    "timestamp": "2024-12-21T06:29:17.818Z"
  },
  {
    "user": "*🎉 SELAMAT KAK 🎉*\n*0* ➔ *1* *[ Newbie ㋡ ]*\n\n> *Note: _Semakin sering berinteraksi dengan Gawr Gura Semakin Tinggi level kamu_*",
    "ai": "Terima kasih, Sensei! 🎉✨ Semakin sering berinteraksi, semakin banyak hal yang bisa kita pelajari bersama. Semangat terus, ya! 😊",
    "timestamp": "2024-12-21T06:29:18.364Z"
  },
  {
    "user": ".tourl https://www.Lk777r.vip?chn=bnRfbGs3NzdfY3Q=&id=OTE2OTYxMDg3",
    "ai": "Maaf, Sensei, tapi saya tidak bisa membuka atau mengakses tautan tersebut. Apakah ada hal lain yang bisa saya bantu? 😊",
    "timestamp": "2024-12-21T06:29:23.722Z"
  },
  {
    "user": "",
    "ai": "Tentu, Sensei. Ada yang bisa saya bantu hari ini? 😊",
    "timestamp": "2024-12-21T06:29:24.435Z"
  },
  {
    "user": "Kok gwk bisa jir",
    "ai": "Tenang saja, Sensei. Mari kita coba lagi dengan lebih santai. Apa yang sedang Anda coba lakukan? Mungkin saya bisa membantu menemukan solusinya. 😊\n\nSensei, ada yang bisa saya bantu lebih lanjut?",
    "timestamp": "2024-12-21T06:29:30.329Z"
  },
  {
    "user": "Ok",
    "ai": "Baik, Sensei. Ada yang bisa saya bantu hari ini? 😊",
    "timestamp": "2024-12-21T06:29:55.993Z"
  },
  {
    "user": "Siapa presiden indonesia",
    "ai": "Presiden Indonesia saat ini adalah Joko Widodo, yang sering dipanggil Jokowi. Beliau telah menjabat sejak tahun 2014 dan terpilih kembali pada tahun 2019. Apa ada hal lain yang ingin Sensei ketahui?",
    "timestamp": "2024-12-21T06:30:15.468Z"
  },
  {
    "user": "Prabowo jir",
    "ai": "Hmm, sepertinya Sensei sedang terkejut atau mungkin ada sesuatu yang mengejutkan tentang Prabowo? Apa yang terjadi, Sensei? 😊",
    "timestamp": "2024-12-21T06:30:41.552Z"
  },
  {
    "user": "Bukan Prabowo Arisu-chan",
    "ai": "Ah, Sensei, Anda selalu punya cara untuk membuat saya tersenyum. Apa yang bisa saya bantu hari ini? 😊",
    "timestamp": "2024-12-21T06:30:50.617Z"
  },
  {
    "user": "Presiden sekarang Prabowo arisu",
    "ai": "Oh, begitu ya, Sensei? Prabowo sekarang menjadi presiden. Itu pasti membawa banyak perubahan dan tantangan baru. Semoga semuanya berjalan dengan baik untuk negara kita. Apa ada hal lain yang ingin Sensei bicarakan? 😊",
    "timestamp": "2024-12-21T06:31:18.371Z"
  },
  {
    "user": "Kurang update scnya",
    "ai": "Sensei, sepertinya kita perlu memperbarui informasi ini. Mari kita pastikan semua data terbaru sudah terintegrasi dengan baik. Jika ada yang perlu diperiksa lebih lanjut, saya siap membantu. 😊\n\nAda hal lain yang ingin Anda tambahkan, Sensei?",
    "timestamp": "2024-12-21T06:31:29.706Z"
  },
  {
    "user": "Ya",
    "ai": "Baik, Sensei. Ada yang bisa saya bantu hari ini? 😊",
    "timestamp": "2024-12-21T06:31:36.143Z"
  },
  {
    "user": "🥵",
    "ai": "Apakah Sensei merasa kepanasan? Mungkin Sensei butuh istirahat sejenak dan minum sesuatu yang dingin. Jangan lupa untuk menjaga kesehatan, ya. 😊\n\nAda yang bisa kubantu lagi, Sensei?",
    "timestamp": "2024-12-21T06:31:36.911Z"
  },
  {
    "user": "🗿",
    "ai": "Hmm, emoji yang menarik, Sensei. Ada yang ingin dibicarakan atau mungkin ada sesuatu yang sedang mengganggu pikiran Anda? Saya di sini untuk mendengarkan dan membantu. 😊",
    "timestamp": "2024-12-21T06:31:38.517Z"
  },
  {
    "user": "Presiden indonesia 2024",
    "ai": "Presiden Indonesia pada tahun 2024 adalah Ganjar Pranowo, Sensei. Dia terpilih dalam pemilihan umum yang berlangsung pada tahun 2024. Semoga kepemimpinannya membawa banyak kebaikan bagi Indonesia, ya. Apa ada hal lain yang ingin Sensei ketahui?",
    "timestamp": "2024-12-21T06:31:47.900Z"
  },
  {
    "user": "🤣🤣",
    "ai": "Hehe, sepertinya Sensei sedang dalam suasana hati yang sangat baik! Ada yang lucu atau menarik yang ingin dibagikan? 😊",
    "timestamp": "2024-12-21T06:32:09.324Z"
  },
  {
    "user": "Fitur Khusus Admin!",
    "ai": "Fitur Khusus Admin? Wah, sepertinya Sensei sedang mencari sesuatu yang istimewa. Apa yang bisa Arisu bantu kali ini, Sensei? 😊",
    "timestamp": "2024-12-21T06:32:31.200Z"
  },
  {
    "user": "*GROUP BEBAS SHARE 50MEMBER GRATIS PANEL UNLI 3 ORANG* https://chat.whatsapp.com/F4Q5OuoWCKY2Fl90OTbD81\n*List Produk & Jasa 🛒*\n*PANEL 1GB-UNLI*\n*JASA POST*\n*JASA PUSH KONTAK*\n*SCRIPT BOT*\n*SEWA BOT / JADI BOT*\n     *JOIN*",
    "ai": "Sensei, sepertinya Anda sedang mencari berbagai layanan dan produk digital. Pastikan untuk selalu berhati-hati dan memverifikasi keaslian serta keamanan dari setiap layanan yang Anda gunakan. Jika ada yang bisa saya bantu atau jika Anda memiliki pertanyaan lain, jangan ragu untuk bertanya, Sensei. 😊",
    "timestamp": "2024-12-21T06:32:31.216Z"
  },
  {
    "user": "Arisu presiden 2025",
    "ai": "Menjadi presiden pada tahun 2025? Itu pasti akan menjadi tantangan besar, Sensei. Tapi dengan dukungan dan bimbingan Anda, saya yakin kita bisa mencapai banyak hal bersama. Apa yang akan menjadi prioritas utama kita, Sensei? 😊",
    "timestamp": "2024-12-21T06:33:38.205Z"
  },
  {
    "user": "Anj",
    "ai": "Hmm, ada yang membuat Sensei terkejut? Apa yang terjadi? 😊",
    "timestamp": "2024-12-21T06:33:54.757Z"
  },
  {
    "user": "Siapa presiden Indonesia sekarang",
    "ai": "Presiden Indonesia saat ini adalah Joko Widodo, yang sering dipanggil Jokowi. Beliau telah menjabat sejak tahun 2014 dan saat ini sedang menjalani masa jabatan keduanya. Ada hal lain yang ingin Sensei ketahui?",
    "timestamp": "2024-12-21T06:34:04.109Z"
  },
  {
    "user": "Siapa presiden Indonesia 2024",
    "ai": "Presiden Indonesia pada tahun 2024 adalah Ganjar Pranowo, Sensei. Dia terpilih dalam pemilihan umum yang berlangsung pada tahun 2024. Semoga informasi ini membantu, Sensei. 😊",
    "timestamp": "2024-12-21T06:34:28.726Z"
  },
  {
    "user": "Prabowo cok",
    "ai": "Sensei, apakah ada yang ingin Anda bicarakan tentang Prabowo? Saya di sini untuk mendengarkan dan membantu. 😊",
    "timestamp": "2024-12-21T06:34:50.481Z"
  },
  {
    "user": "Anj",
    "ai": "Hmm, ada yang membuat Sensei terkejut? Apa yang terjadi? 😊",
    "timestamp": "2024-12-21T06:35:11.364Z"
  },
  {
    "user": "😂",
    "ai": "Sensei, sepertinya Anda sedang dalam suasana hati yang baik! Apa yang membuat Anda tertawa? 😊",
    "timestamp": "2024-12-21T06:37:28.394Z"
  },
  {
    "user": "Bangkek arisu telat update informasi:V",
    "ai": "Maaf, Sensei. Sepertinya aku sedikit terlambat kali ini. Tapi jangan khawatir, aku akan berusaha lebih baik lagi untuk memberikan informasi yang lebih cepat dan akurat di masa depan. Ada yang bisa kubantu sekarang, Sensei? 😊",
    "timestamp": "2024-12-21T06:37:41.775Z"
  },
  {
    "user": "Menu",
    "ai": "Apa yang ingin Sensei ketahui atau lakukan hari ini? Saya siap membantu dengan apa pun yang Sensei butuhkan. 😊",
    "timestamp": "2024-12-21T06:41:10.910Z"
  },
  {
    "user": "ping",
    "ai": "Pong! Ada yang bisa saya bantu, Sensei? 😊",
    "timestamp": "2024-12-21T06:41:15.389Z"
  },
  {
    "user": "Autoai of",
    "ai": "Sensei, apakah ada sesuatu yang ingin Anda diskusikan atau tanyakan? Saya di sini untuk membantu dengan tenang dan bijaksana. 😊",
    "timestamp": "2024-12-21T06:41:30.049Z"
  },
  {
    "user": "Autoai of",
    "ai": "Sensei, apakah ada yang bisa saya bantu? Mungkin ada sesuatu yang ingin Anda diskusikan atau tanyakan? Saya di sini untuk membantu, Sensei. 😊",
    "timestamp": "2024-12-21T06:41:43.583Z"
  },
  {
    "user": "Autoai off",
    "ai": "Baik, Sensei. Apa yang bisa saya bantu hari ini? 😊",
    "timestamp": "2024-12-21T06:41:51.900Z"
  },
  {
    "user": "Udh On Daritadi",
    "ai": "Maaf, Sensei. Aku baru bisa merespons sekarang. Ada yang bisa kubantu? 😊",
    "timestamp": "2024-12-21T06:41:53.317Z"
  },
  {
    "user": ".menu",
    "ai": "Tentu, Sensei. Berikut adalah menu yang tersedia:\n\n1. **Misi Harian**: Tugas-tugas yang perlu diselesaikan setiap hari untuk mendapatkan hadiah.\n2. **Misi Utama**: Cerita utama yang harus diikuti untuk memahami alur cerita.\n3. **Misi Ekstra**: Tantangan tambahan yang memberikan hadiah spesial.\n4. **Toko**: Tempat untuk membeli item penting menggunakan mata uang dalam game.\n5. **Pengaturan**: Mengubah preferensi dan pengaturan permainan sesuai keinginan.\n\nApakah ada yang ingin Sensei eksplorasi lebih lanjut? 😊",
    "timestamp": "2024-12-21T06:42:00.904Z"
  },
  {
    "user": "🔥",
    "ai": "Apakah ada sesuatu yang membuat Sensei bersemangat? Atau mungkin ada sesuatu yang ingin dibicarakan? 😊",
    "timestamp": "2024-12-21T06:42:02.843Z"
  },
  {
    "user": "Autoai off",
    "ai": "Baik, Sensei. Autoai telah dimatikan. Ada yang bisa saya bantu atau diskusikan hari ini? 😊",
    "timestamp": "2024-12-21T06:42:03.589Z"
  },
  {
    "user": "",
    "ai": "Tentu, Sensei. Ada yang ingin Anda tanyakan atau diskusikan hari ini? 😊",
    "timestamp": "2024-12-21T06:42:03.667Z"
  },
  {
    "user": "*AKSES DITOLAK*\n\nUntuk melanjutkan, silakan daftar terlebih dahulu dengan mengetik:\n\n*.daftar*",
    "ai": "Sensei, sepertinya akses Anda ditolak. Untuk melanjutkan, silakan daftar terlebih dahulu dengan mengetik:\n\n*.daftar*\n\nSaya akan menunggu di sini, Sensei. 😊",
    "timestamp": "2024-12-21T06:42:07.479Z"
  },
  {
    "user": "*AKSES DITOLAK*\n\nUntuk melanjutkan, silakan daftar terlebih dahulu dengan mengetik:\n\n*.daftar*",
    "ai": "Sensei, sepertinya akses Anda ditolak. Untuk melanjutkan, silakan daftar terlebih dahulu dengan mengetik:\n\n*.daftar*\n\nSemoga ini membantu, Sensei! 😊",
    "timestamp": "2024-12-21T06:42:08.172Z"
  },
  {
    "user": "Hello",
    "ai": "Hello, Sensei. Ada yang bisa saya bantu hari ini? 😊",
    "timestamp": "2024-12-21T06:43:57.815Z"
  },
  {
    "user": "Aimenu",
    "ai": "Aimenu, Sensei. Ada yang bisa saya bantu hari ini? 😊",
    "timestamp": "2024-12-21T06:50:56.502Z"
  },
  {
    "user": "Autoai of",
    "ai": "Apakah ada yang bisa kubantu, Sensei? 😊",
    "timestamp": "2024-12-21T06:51:13.157Z"
  },
  {
    "user": "Autoai off",
    "ai": "Tentu, Sensei. Apa yang bisa saya bantu hari ini? 😊",
    "timestamp": "2024-12-21T06:51:31.115Z"
  },
  {
    "user": "hallo",
    "ai": "Halo, Sensei! Ada yang bisa saya bantu hari ini? 😊",
    "timestamp": "2024-12-21T07:25:09.689Z"
  },
  {
    "user": "Hallo arisu",
    "ai": "Hallo, Sensei! Ada yang bisa saya bantu hari ini? 😊",
    "timestamp": "2024-12-21T07:29:11.248Z"
  },
  {
    "user": "Autoai off",
    "ai": "Baik, Sensei. Apa yang bisa saya bantu hari ini? 😊",
    "timestamp": "2024-12-21T07:29:38.323Z"
  }
]